               epoch,      train/box_loss,      train/obj_loss,      train/cls_loss,   metrics/precision,      metrics/recall,     metrics/mAP_0.5,metrics/mAP_0.5:0.95,        val/box_loss,        val/obj_loss,        val/cls_loss,               x/lr0,               x/lr1,               x/lr2
                   0,            0.071023,            0.023893,            0.043527,             0.18376,             0.63689,             0.26481,             0.12048,            0.036701,            0.008219,            0.033055,             0.07015,           0.0033167,           0.0033167
                   1,            0.050129,            0.014712,             0.03685,             0.29833,             0.73286,             0.44314,             0.21754,            0.029743,           0.0061315,            0.025719,            0.040117,           0.0066171,           0.0066171
                   2,            0.048436,             0.01199,            0.031373,             0.45062,             0.55449,             0.50265,             0.24363,            0.031927,           0.0056711,            0.026338,            0.010051,           0.0098845,           0.0098845
                   3,            0.043055,            0.010288,            0.028572,              0.3299,             0.84961,             0.52727,             0.32741,            0.024186,           0.0056333,            0.028321,           0.0098515,           0.0098515,           0.0098515
                   4,            0.038441,             0.00932,            0.027108,             0.57299,              0.7858,             0.66399,             0.37894,            0.022368,           0.0049044,            0.021872,           0.0098515,           0.0098515,           0.0098515
                   5,            0.036619,           0.0090004,            0.025593,             0.61663,             0.85917,             0.75804,             0.40109,            0.025776,           0.0043821,            0.021867,            0.009802,            0.009802,            0.009802
                   6,            0.034355,           0.0086468,            0.023815,             0.62147,             0.82557,             0.78644,             0.46431,            0.022002,            0.004424,            0.017325,           0.0097525,           0.0097525,           0.0097525
                   7,            0.033952,           0.0086776,            0.023734,             0.72417,             0.79455,             0.79145,             0.54968,            0.022481,           0.0045009,            0.018963,            0.009703,            0.009703,            0.009703
                   8,            0.032477,           0.0088047,            0.021385,             0.73489,             0.81475,             0.86313,             0.56648,            0.021047,           0.0043345,            0.017757,           0.0096535,           0.0096535,           0.0096535
                   9,            0.031864,           0.0084536,            0.021162,              0.7666,             0.81506,             0.85551,             0.55476,            0.020878,           0.0040766,            0.017044,            0.009604,            0.009604,            0.009604
                  10,            0.030961,           0.0081074,            0.021646,             0.77579,             0.82062,             0.90078,             0.61879,            0.019162,           0.0040655,            0.015183,           0.0095545,           0.0095545,           0.0095545
                  11,            0.030661,           0.0080735,            0.020148,              0.8588,             0.81154,             0.88473,             0.57668,            0.023158,           0.0042477,            0.013379,            0.009505,            0.009505,            0.009505
                  12,            0.029903,           0.0078772,            0.020527,             0.79614,             0.82878,             0.87152,             0.56426,            0.021761,           0.0043934,            0.012644,           0.0094555,           0.0094555,           0.0094555
                  13,            0.029297,           0.0081231,            0.018742,             0.80996,              0.8041,              0.8726,             0.62067,            0.018653,           0.0040629,            0.013913,            0.009406,            0.009406,            0.009406
                  14,            0.029462,           0.0079107,            0.017635,             0.78962,             0.89121,              0.9229,             0.64188,            0.017986,           0.0039627,            0.014055,           0.0093565,           0.0093565,           0.0093565
                  15,            0.029404,           0.0077282,             0.01812,             0.87753,             0.89007,             0.93937,             0.64113,            0.019883,           0.0038898,           0.0092973,            0.009307,            0.009307,            0.009307
                  16,            0.028673,           0.0075933,            0.017525,             0.84293,             0.88437,             0.92516,             0.66852,            0.017183,            0.003893,            0.012774,           0.0092575,           0.0092575,           0.0092575
                  17,            0.028681,           0.0074692,            0.017633,             0.77832,             0.86558,              0.8688,             0.62118,            0.017815,           0.0039675,             0.01639,            0.009208,            0.009208,            0.009208
                  18,            0.028015,           0.0076563,             0.01599,             0.84185,             0.88622,             0.93726,              0.6786,            0.018397,           0.0039296,            0.010972,           0.0091585,           0.0091585,           0.0091585
                  19,             0.02729,           0.0076916,            0.016454,              0.8571,             0.85628,             0.91772,             0.67393,            0.016651,           0.0040402,           0.0098671,            0.009109,            0.009109,            0.009109
                  20,            0.027013,             0.00728,            0.015463,             0.84557,             0.87263,             0.91913,             0.66455,            0.016743,           0.0037472,            0.012014,           0.0090595,           0.0090595,           0.0090595
                  21,            0.026625,           0.0073946,            0.015252,             0.84726,             0.85235,             0.88829,             0.61368,            0.019843,           0.0040124,            0.013097,             0.00901,             0.00901,             0.00901
                  22,            0.026306,           0.0074061,            0.014835,             0.80325,             0.90435,             0.92097,              0.6638,            0.017433,           0.0036755,            0.013185,           0.0089605,           0.0089605,           0.0089605
                  23,            0.025907,           0.0076239,            0.015391,             0.81897,             0.86932,             0.88237,             0.61989,            0.017966,           0.0039826,            0.014702,            0.008911,            0.008911,            0.008911
                  24,            0.026466,           0.0072709,            0.015194,             0.83283,             0.90967,             0.92918,             0.65518,            0.019355,           0.0037359,            0.011938,           0.0088615,           0.0088615,           0.0088615
                  25,            0.025555,           0.0072994,            0.015062,             0.86353,             0.87326,              0.9331,             0.70112,            0.016371,           0.0036126,            0.012527,            0.008812,            0.008812,            0.008812
                  26,            0.025577,           0.0073222,            0.013892,             0.88245,             0.88544,             0.93302,             0.67808,            0.016693,           0.0036147,            0.011924,           0.0087625,           0.0087625,           0.0087625
                  27,            0.024967,           0.0073256,            0.013429,             0.86972,             0.91004,             0.94462,             0.69448,            0.016859,           0.0036547,           0.0085946,            0.008713,            0.008713,            0.008713
                  28,            0.025176,           0.0071656,            0.014254,             0.84595,             0.86293,              0.8993,             0.65402,             0.01806,           0.0040352,            0.010101,           0.0086635,           0.0086635,           0.0086635
                  29,            0.025498,           0.0074257,             0.01333,             0.86475,             0.88461,             0.92973,             0.69852,            0.017026,           0.0035851,            0.014148,            0.008614,            0.008614,            0.008614
                  30,            0.024932,           0.0070933,            0.013337,             0.88134,             0.88826,             0.94227,             0.70363,            0.016181,           0.0036019,            0.010475,           0.0085645,           0.0085645,           0.0085645
                  31,             0.02459,           0.0070052,            0.012331,             0.83705,             0.89814,             0.90642,             0.66227,            0.016389,           0.0036353,            0.012081,            0.008515,            0.008515,            0.008515
                  32,            0.023986,           0.0067995,            0.012966,             0.81746,              0.8634,             0.91208,             0.67382,            0.016306,           0.0036765,            0.013939,           0.0084655,           0.0084655,           0.0084655
                  33,            0.024475,           0.0070658,            0.011946,             0.87065,             0.92429,             0.95181,             0.69438,            0.016875,           0.0035779,           0.0096259,            0.008416,            0.008416,            0.008416
                  34,            0.024017,           0.0068016,            0.011623,              0.8433,             0.90459,             0.91108,             0.67945,            0.016355,            0.003699,            0.013633,           0.0083665,           0.0083665,           0.0083665
                  35,             0.02423,           0.0070485,            0.012577,             0.84847,             0.90058,             0.93604,             0.70036,            0.016129,            0.003621,             0.01078,            0.008317,            0.008317,            0.008317
                  36,            0.024029,           0.0070825,            0.011718,             0.87425,              0.8842,             0.92654,             0.70178,            0.016394,           0.0035361,            0.012764,           0.0082675,           0.0082675,           0.0082675
                  37,            0.023894,           0.0069177,            0.013506,             0.86148,             0.88814,             0.92743,             0.67144,            0.017582,           0.0036203,            0.011533,            0.008218,            0.008218,            0.008218
                  38,            0.023954,           0.0069686,            0.011218,             0.88346,             0.88785,             0.92375,             0.70145,            0.015855,             0.00353,            0.011481,           0.0081685,           0.0081685,           0.0081685
                  39,             0.02362,           0.0067658,            0.012227,             0.87476,             0.94062,             0.96904,             0.72193,            0.016135,           0.0034893,           0.0084612,            0.008119,            0.008119,            0.008119
                  40,            0.023131,           0.0068053,            0.011786,             0.89028,             0.86367,             0.92464,             0.71685,             0.01528,           0.0034415,             0.01121,           0.0080695,           0.0080695,           0.0080695
                  41,            0.023096,           0.0067162,            0.011327,              0.8887,               0.887,             0.92273,             0.69095,            0.016226,           0.0035547,             0.01166,             0.00802,             0.00802,             0.00802
                  42,            0.023127,           0.0067482,            0.011478,             0.85069,             0.92143,             0.94874,             0.71112,            0.016285,           0.0036148,            0.010271,           0.0079705,           0.0079705,           0.0079705
                  43,            0.022717,            0.006908,            0.010352,             0.89663,             0.88479,             0.93299,             0.70953,            0.016001,           0.0035492,            0.010338,            0.007921,            0.007921,            0.007921
                  44,            0.023199,           0.0066124,            0.010734,             0.88868,             0.87588,             0.91693,             0.69374,            0.016079,           0.0035382,            0.013762,           0.0078715,           0.0078715,           0.0078715
                  45,            0.023045,           0.0068132,            0.010732,             0.89577,             0.86922,             0.92789,             0.70744,             0.01615,           0.0034956,           0.0096826,            0.007822,            0.007822,            0.007822
                  46,            0.022654,           0.0065928,           0.0095435,             0.84754,             0.95034,             0.94228,             0.70496,             0.01551,           0.0034952,           0.0093227,           0.0077725,           0.0077725,           0.0077725
                  47,            0.022713,           0.0067542,            0.010685,             0.89454,             0.87025,             0.93776,             0.70508,            0.015954,           0.0036358,            0.012541,            0.007723,            0.007723,            0.007723
                  48,            0.022752,           0.0065078,            0.010396,             0.86403,             0.90345,             0.92887,             0.69362,            0.016131,           0.0036032,            0.012191,           0.0076735,           0.0076735,           0.0076735
                  49,            0.022601,           0.0064926,           0.0099391,             0.88022,             0.91034,             0.94129,             0.71455,             0.01522,           0.0034947,           0.0084666,            0.007624,            0.007624,            0.007624
                  50,            0.022501,           0.0067022,           0.0097104,             0.85467,             0.86524,             0.91402,             0.69517,              0.0156,           0.0035677,             0.01139,           0.0075745,           0.0075745,           0.0075745
                  51,            0.022508,           0.0066466,           0.0092737,             0.83905,             0.92655,             0.92426,             0.69154,            0.015953,           0.0036477,              0.0107,            0.007525,            0.007525,            0.007525
                  52,            0.022701,           0.0066762,             0.01014,             0.88664,             0.91029,              0.9247,             0.69722,             0.01521,           0.0035542,            0.010177,           0.0074755,           0.0074755,           0.0074755
                  53,            0.022464,           0.0065306,           0.0099923,             0.83373,              0.9466,             0.95485,             0.71704,            0.015881,           0.0036031,           0.0080736,            0.007426,            0.007426,            0.007426
                  54,            0.021947,            0.006388,           0.0095486,             0.89461,             0.86686,             0.92275,             0.70859,            0.015413,           0.0035715,            0.010968,           0.0073765,           0.0073765,           0.0073765
                  55,            0.022118,           0.0065814,           0.0095884,             0.89418,             0.91655,             0.95197,             0.71853,            0.014949,           0.0034698,           0.0079291,            0.007327,            0.007327,            0.007327
                  56,            0.021626,           0.0065718,           0.0089004,             0.90038,             0.90105,             0.94785,             0.72414,            0.014955,           0.0034887,           0.0089517,           0.0072775,           0.0072775,           0.0072775
                  57,             0.02211,           0.0066308,           0.0094036,             0.90352,             0.90951,              0.9558,             0.73782,            0.014988,           0.0034773,           0.0075689,            0.007228,            0.007228,            0.007228
                  58,            0.022097,           0.0064322,           0.0082722,             0.91417,             0.90657,             0.93953,             0.72325,            0.015028,           0.0035306,            0.008785,           0.0071785,           0.0071785,           0.0071785
                  59,            0.021813,           0.0065956,           0.0089104,             0.84721,              0.9199,             0.94295,             0.71376,            0.015471,             0.00353,           0.0077907,            0.007129,            0.007129,            0.007129
                  60,            0.021379,           0.0066046,           0.0085794,              0.8767,             0.93209,             0.94602,             0.72213,            0.014906,           0.0034586,           0.0085411,           0.0070795,           0.0070795,           0.0070795
                  61,            0.021857,           0.0064273,           0.0089792,             0.85994,             0.89594,             0.93241,             0.71865,             0.01499,           0.0035325,            0.010729,             0.00703,             0.00703,             0.00703
                  62,            0.021514,           0.0063112,           0.0081727,             0.90673,             0.90536,             0.94604,               0.733,            0.014766,             0.00338,           0.0093161,           0.0069805,           0.0069805,           0.0069805
                  63,            0.021491,            0.006185,           0.0080358,             0.86515,             0.91206,             0.93148,              0.7163,            0.014509,           0.0035265,            0.009636,            0.006931,            0.006931,            0.006931
                  64,            0.021394,           0.0064919,           0.0074371,             0.92579,             0.91345,             0.96208,             0.74008,            0.014755,           0.0034162,           0.0077867,           0.0068815,           0.0068815,           0.0068815
                  65,            0.021153,           0.0063026,           0.0077739,             0.89585,             0.92018,             0.95469,             0.72999,            0.014833,           0.0034918,           0.0076203,            0.006832,            0.006832,            0.006832
                  66,            0.020936,           0.0064978,           0.0078859,             0.88681,             0.92578,             0.95935,             0.74191,            0.015041,           0.0034045,           0.0080994,           0.0067825,           0.0067825,           0.0067825
                  67,            0.020845,           0.0065164,           0.0075637,             0.91377,             0.86594,              0.9428,             0.72733,            0.014471,           0.0034564,            0.010066,            0.006733,            0.006733,            0.006733
                  68,              0.0209,           0.0063112,           0.0072886,             0.90462,             0.89965,             0.96115,             0.73382,            0.014744,            0.003454,           0.0074544,           0.0066835,           0.0066835,           0.0066835
                  69,            0.020643,           0.0062852,           0.0066965,             0.87271,             0.95178,             0.95537,             0.73329,            0.014892,           0.0035231,           0.0094348,            0.006634,            0.006634,            0.006634
                  70,            0.020562,           0.0063088,            0.006904,             0.91813,             0.89716,             0.94892,              0.7189,              0.0151,           0.0035104,           0.0097724,           0.0065845,           0.0065845,           0.0065845
                  71,            0.020445,           0.0062865,           0.0074785,             0.92016,             0.89787,             0.95622,             0.74179,            0.014963,           0.0034483,           0.0079128,            0.006535,            0.006535,            0.006535
                  72,             0.02043,           0.0061999,           0.0072103,             0.89985,             0.92754,             0.95876,             0.74486,            0.014311,           0.0033807,           0.0094565,           0.0064855,           0.0064855,           0.0064855
                  73,            0.020369,            0.006115,           0.0070861,             0.92733,             0.88244,             0.95037,              0.7352,            0.015093,           0.0035581,           0.0093644,            0.006436,            0.006436,            0.006436
                  74,            0.020522,           0.0062453,           0.0065198,             0.86405,              0.9471,             0.96225,             0.74043,            0.015179,           0.0035181,           0.0095533,           0.0063865,           0.0063865,           0.0063865
                  75,            0.020965,           0.0062472,           0.0070681,             0.90824,             0.89828,             0.95111,             0.74158,            0.015029,           0.0035408,           0.0089242,            0.006337,            0.006337,            0.006337
                  76,            0.020304,           0.0061526,           0.0065445,             0.93115,             0.88259,             0.96406,              0.7347,            0.014773,            0.003407,           0.0078979,           0.0062875,           0.0062875,           0.0062875
                  77,            0.020076,           0.0063091,           0.0064305,             0.91047,             0.92026,             0.96672,             0.74788,            0.014829,           0.0034908,           0.0070754,            0.006238,            0.006238,            0.006238
                  78,            0.020386,           0.0061535,           0.0059664,             0.85954,             0.91655,             0.94516,             0.73249,            0.014975,           0.0034359,            0.010822,           0.0061885,           0.0061885,           0.0061885
                  79,            0.020019,           0.0062299,           0.0065288,             0.86664,             0.92592,             0.94894,             0.73767,            0.014891,           0.0035632,            0.010403,            0.006139,            0.006139,            0.006139
                  80,             0.02037,           0.0059494,           0.0060192,             0.90852,             0.90689,             0.94758,             0.73401,             0.01529,           0.0035148,           0.0099243,           0.0060895,           0.0060895,           0.0060895
                  81,            0.019824,           0.0059455,           0.0064427,              0.8939,             0.90271,             0.95183,             0.72912,             0.01564,           0.0035343,            0.008787,             0.00604,             0.00604,             0.00604
                  82,            0.019901,           0.0060117,           0.0057731,             0.91459,             0.91998,             0.95157,             0.73124,            0.014984,           0.0034779,           0.0087312,           0.0059905,           0.0059905,           0.0059905
                  83,            0.019829,           0.0061837,           0.0064734,             0.89375,             0.87411,             0.92607,             0.71218,            0.015371,           0.0035571,            0.011855,            0.005941,            0.005941,            0.005941
                  84,            0.020022,           0.0060722,           0.0064944,             0.88607,             0.89275,             0.94504,             0.72731,            0.014897,            0.003508,             0.01011,           0.0058915,           0.0058915,           0.0058915
                  85,             0.01942,           0.0061783,           0.0061104,             0.88955,             0.91507,                0.94,             0.72479,            0.015095,            0.003447,            0.011098,            0.005842,            0.005842,            0.005842
                  86,            0.019516,            0.005871,            0.005032,             0.86374,             0.92926,              0.9464,             0.72769,            0.015681,           0.0035242,            0.014952,           0.0057925,           0.0057925,           0.0057925
                  87,             0.01937,           0.0060148,           0.0062455,             0.92054,             0.91846,             0.95847,             0.74451,            0.014547,           0.0034537,            0.006843,            0.005743,            0.005743,            0.005743
                  88,            0.019611,           0.0059871,           0.0061024,             0.92373,             0.89365,             0.95237,             0.73842,            0.014916,           0.0035019,           0.0079404,           0.0056935,           0.0056935,           0.0056935
                  89,            0.019368,           0.0060005,           0.0053052,             0.87795,              0.9024,             0.94177,             0.72566,            0.015166,            0.003461,           0.0087724,            0.005644,            0.005644,            0.005644
                  90,            0.018947,           0.0056995,           0.0057291,             0.91485,             0.88945,             0.94037,             0.72766,            0.014736,            0.003484,            0.011207,           0.0055945,           0.0055945,           0.0055945
                  91,            0.019791,           0.0058873,           0.0062443,             0.89397,             0.91134,             0.94041,             0.72379,            0.015167,              0.0036,           0.0091802,            0.005545,            0.005545,            0.005545
                  92,            0.019501,           0.0059077,            0.005398,             0.89521,             0.89544,              0.9475,             0.73583,            0.015002,           0.0033747,            0.011626,           0.0054955,           0.0054955,           0.0054955
                  93,            0.019506,           0.0060041,           0.0057546,             0.92223,             0.90635,             0.94369,             0.72895,            0.014745,           0.0034097,            0.011308,            0.005446,            0.005446,            0.005446
                  94,            0.019036,            0.005755,           0.0054806,             0.91039,             0.94079,             0.96062,             0.74286,            0.014161,           0.0034173,           0.0094074,           0.0053965,           0.0053965,           0.0053965
                  95,            0.019249,           0.0056405,            0.005064,             0.91047,             0.92252,              0.9564,             0.74123,            0.014141,           0.0034275,           0.0097919,            0.005347,            0.005347,            0.005347
                  96,               0.019,           0.0059285,           0.0048829,             0.91798,             0.90944,              0.9487,             0.74597,            0.014277,           0.0033931,           0.0082475,           0.0052975,           0.0052975,           0.0052975
                  97,            0.019046,           0.0058826,           0.0051295,             0.89411,             0.92199,             0.93792,             0.72121,            0.014665,           0.0033649,            0.009681,            0.005248,            0.005248,            0.005248
                  98,            0.019062,           0.0058267,           0.0047178,             0.91175,             0.89435,             0.94897,             0.73957,            0.015009,           0.0034227,            0.011071,           0.0051985,           0.0051985,           0.0051985
                  99,            0.018838,           0.0057343,           0.0051098,             0.90508,             0.92832,             0.94537,             0.72971,            0.014784,           0.0033823,            0.010865,            0.005149,            0.005149,            0.005149
                 100,            0.019004,           0.0059199,           0.0050506,             0.91379,             0.93714,             0.95551,             0.75101,            0.014506,           0.0033766,           0.0089784,           0.0050995,           0.0050995,           0.0050995
                 101,            0.018665,           0.0059377,           0.0051815,             0.91709,             0.90125,             0.94573,             0.73155,            0.014939,           0.0034894,            0.010771,             0.00505,             0.00505,             0.00505
                 102,              0.0183,           0.0058288,           0.0043511,              0.9177,             0.90061,             0.93705,             0.72999,            0.014668,           0.0034455,            0.011468,           0.0050005,           0.0050005,           0.0050005
                 103,             0.01843,           0.0057539,           0.0045752,             0.90923,             0.90234,             0.95162,              0.7321,            0.015139,           0.0034955,            0.010204,            0.004951,            0.004951,            0.004951
                 104,             0.01853,           0.0057652,           0.0048074,             0.92497,             0.89001,             0.94666,              0.7452,            0.014222,           0.0033218,            0.011121,           0.0049015,           0.0049015,           0.0049015
                 105,            0.018276,           0.0056191,           0.0049094,              0.8842,             0.91738,             0.95606,             0.74632,            0.014532,           0.0034549,           0.0077451,            0.004852,            0.004852,            0.004852
                 106,            0.018323,           0.0056135,           0.0046652,             0.91906,              0.8975,             0.94384,             0.73551,            0.014202,            0.003338,           0.0090882,           0.0048025,           0.0048025,           0.0048025
                 107,            0.018992,           0.0058064,           0.0054052,             0.92393,             0.93384,             0.95075,             0.74644,            0.013951,           0.0032686,           0.0085267,            0.004753,            0.004753,            0.004753
                 108,            0.018466,           0.0057242,           0.0042482,             0.88607,             0.94329,             0.94623,             0.73743,            0.014326,           0.0034063,           0.0095605,           0.0047035,           0.0047035,           0.0047035
                 109,            0.018582,           0.0056713,           0.0041062,             0.91983,              0.8894,             0.94429,              0.7395,            0.014213,           0.0033583,           0.0089323,            0.004654,            0.004654,            0.004654
                 110,             0.01845,           0.0055834,           0.0048817,             0.91382,             0.91312,             0.95575,             0.74874,            0.014066,           0.0033519,           0.0081927,           0.0046045,           0.0046045,           0.0046045
                 111,            0.018191,           0.0057283,           0.0045416,             0.91907,             0.89833,             0.95086,             0.74759,             0.01407,           0.0034912,           0.0086967,            0.004555,            0.004555,            0.004555
                 112,            0.017902,           0.0056603,           0.0044381,             0.89074,             0.93836,             0.94986,             0.75107,            0.014326,           0.0033187,           0.0087028,           0.0045055,           0.0045055,           0.0045055
                 113,            0.017816,           0.0055496,           0.0037427,             0.92696,             0.91421,             0.95933,             0.74717,            0.014201,           0.0033461,           0.0072228,            0.004456,            0.004456,            0.004456
                 114,            0.017845,           0.0055632,           0.0037229,             0.92756,             0.93111,             0.95471,             0.74447,            0.014284,            0.003416,           0.0087747,           0.0044065,           0.0044065,           0.0044065
                 115,            0.017918,           0.0055773,           0.0037364,             0.92925,             0.91928,             0.94907,               0.744,            0.014217,           0.0033214,           0.0093559,            0.004357,            0.004357,            0.004357
                 116,            0.018139,           0.0058549,           0.0037284,             0.92639,             0.92635,             0.95379,             0.74863,            0.014472,           0.0033768,           0.0076138,           0.0043075,           0.0043075,           0.0043075
                 117,            0.017905,           0.0058288,           0.0041278,             0.92042,              0.9206,             0.95011,             0.73995,            0.014351,            0.003397,           0.0082005,            0.004258,            0.004258,            0.004258
                 118,            0.017634,            0.005491,           0.0037616,             0.89192,             0.91757,             0.94456,             0.72891,            0.014648,           0.0033427,           0.0099117,           0.0042085,           0.0042085,           0.0042085
                 119,            0.017881,           0.0058312,           0.0043108,             0.92092,              0.8998,             0.95133,             0.73831,            0.014729,           0.0033975,            0.011201,            0.004159,            0.004159,            0.004159
                 120,            0.017408,           0.0056818,           0.0040578,             0.88887,             0.93174,             0.95598,             0.74463,            0.014001,            0.003338,           0.0083927,           0.0041095,           0.0041095,           0.0041095
                 121,            0.017461,           0.0056765,           0.0038348,             0.91123,              0.9042,             0.95631,             0.74765,            0.014106,           0.0033027,           0.0087711,             0.00406,             0.00406,             0.00406
                 122,            0.017013,           0.0054055,           0.0034712,              0.8827,             0.92043,             0.95568,             0.74892,            0.014178,            0.003345,           0.0084205,           0.0040105,           0.0040105,           0.0040105
                 123,            0.017622,           0.0053647,           0.0035106,              0.9076,             0.90568,             0.94801,             0.74197,            0.014498,           0.0033601,            0.010265,            0.003961,            0.003961,            0.003961
                 124,             0.01755,           0.0056778,           0.0035825,             0.87771,             0.91828,             0.94493,             0.73754,            0.014349,           0.0033883,            0.011043,           0.0039115,           0.0039115,           0.0039115
                 125,            0.017339,           0.0056161,           0.0035531,             0.92892,             0.91059,             0.94224,             0.73711,            0.013922,           0.0032854,           0.0097198,            0.003862,            0.003862,            0.003862
                 126,            0.017105,           0.0056931,           0.0038815,             0.91948,             0.92326,             0.94602,             0.74126,            0.013898,           0.0032955,           0.0096577,           0.0038125,           0.0038125,           0.0038125
                 127,            0.017047,           0.0052402,           0.0040086,             0.93041,             0.89995,             0.94961,             0.74644,            0.014052,           0.0034049,           0.0087192,            0.003763,            0.003763,            0.003763
                 128,            0.017239,           0.0054107,            0.003639,             0.89626,             0.90497,             0.93533,             0.72798,            0.014622,           0.0034034,            0.012013,           0.0037135,           0.0037135,           0.0037135
                 129,            0.017292,           0.0055928,            0.002741,             0.90837,               0.902,             0.93516,             0.73518,            0.013809,           0.0034045,            0.011062,            0.003664,            0.003664,            0.003664
                 130,            0.017013,           0.0056697,           0.0032474,             0.90718,             0.93054,             0.94333,             0.74067,            0.013639,           0.0033401,           0.0099652,           0.0036145,           0.0036145,           0.0036145
                 131,            0.016882,           0.0053952,           0.0039639,             0.92124,             0.92518,             0.94414,             0.73152,            0.014019,           0.0034307,           0.0091599,            0.003565,            0.003565,            0.003565
                 132,            0.016858,           0.0054631,           0.0029787,             0.92163,             0.92705,             0.94599,             0.74148,            0.013957,            0.003389,           0.0091954,           0.0035155,           0.0035155,           0.0035155
                 133,            0.016876,           0.0053777,           0.0031579,             0.90391,             0.94398,             0.94841,             0.74425,             0.01376,            0.003384,           0.0090738,            0.003466,            0.003466,            0.003466
                 134,            0.016509,           0.0053877,           0.0028101,             0.89387,             0.93342,             0.94026,             0.73198,            0.013819,            0.003428,            0.012119,           0.0034165,           0.0034165,           0.0034165
                 135,            0.016661,           0.0054743,            0.003304,             0.91644,             0.91403,              0.9367,             0.73877,            0.013898,           0.0034445,            0.010494,            0.003367,            0.003367,            0.003367
                 136,            0.016525,           0.0054426,           0.0031421,             0.88023,             0.92098,             0.92653,             0.72239,            0.014269,           0.0034742,            0.011762,           0.0033175,           0.0033175,           0.0033175
                 137,            0.016383,           0.0052876,           0.0030233,             0.93575,             0.93082,              0.9444,             0.73617,            0.013852,           0.0034589,           0.0095483,            0.003268,            0.003268,            0.003268
                 138,            0.016551,           0.0052785,           0.0030578,             0.92103,             0.91883,             0.94901,              0.7479,            0.013941,           0.0034523,           0.0085594,           0.0032185,           0.0032185,           0.0032185
                 139,            0.016012,           0.0052243,           0.0030733,             0.92787,             0.93405,             0.95464,             0.74814,            0.013643,           0.0034237,           0.0072037,            0.003169,            0.003169,            0.003169
                 140,            0.016238,           0.0052921,           0.0024642,             0.92817,             0.90393,             0.93671,              0.7324,            0.014043,           0.0033895,            0.010144,           0.0031195,           0.0031195,           0.0031195
                 141,            0.015946,           0.0052942,           0.0023476,             0.92827,             0.92841,             0.94324,             0.74104,            0.014143,           0.0034582,           0.0093239,             0.00307,             0.00307,             0.00307
                 142,            0.016308,           0.0052193,           0.0026101,             0.92005,             0.90723,             0.94214,             0.74121,            0.013922,           0.0034545,            0.010252,           0.0030205,           0.0030205,           0.0030205
                 143,            0.016282,           0.0052686,            0.003098,             0.92784,             0.91742,             0.94439,             0.74109,            0.013927,           0.0034342,           0.0091696,            0.002971,            0.002971,            0.002971
                 144,            0.016031,           0.0051691,           0.0030549,             0.89152,             0.93509,             0.94557,             0.73895,            0.014303,           0.0034081,           0.0099343,           0.0029215,           0.0029215,           0.0029215
                 145,            0.016149,           0.0051782,           0.0027957,             0.91103,             0.91667,             0.94292,             0.73898,            0.014138,           0.0034179,            0.010069,            0.002872,            0.002872,            0.002872
                 146,            0.016111,           0.0051673,           0.0029092,             0.89974,             0.93729,             0.94223,             0.73216,            0.014164,            0.003442,            0.011196,           0.0028225,           0.0028225,           0.0028225
                 147,            0.015735,           0.0051832,           0.0027296,             0.92316,             0.91891,             0.94219,             0.73228,            0.014039,           0.0034706,           0.0097787,            0.002773,            0.002773,            0.002773
                 148,            0.015938,           0.0051963,           0.0022367,             0.92508,              0.9184,             0.94067,             0.73313,            0.014033,            0.003506,           0.0095394,           0.0027235,           0.0027235,           0.0027235
                 149,            0.016032,           0.0050289,           0.0026295,             0.91193,             0.92156,             0.94694,             0.74431,            0.014068,           0.0034955,            0.010185,            0.002674,            0.002674,            0.002674
                 150,            0.015814,           0.0050973,           0.0021207,             0.91755,             0.91039,             0.94814,             0.74476,            0.013901,           0.0034843,           0.0099576,           0.0026245,           0.0026245,           0.0026245
                 151,            0.015522,           0.0051055,           0.0020589,             0.87229,             0.94789,             0.94081,             0.73163,            0.014203,           0.0034402,             0.01133,            0.002575,            0.002575,            0.002575
                 152,            0.015509,            0.005081,           0.0023558,             0.90395,             0.91271,             0.93906,             0.73462,            0.014018,           0.0033913,            0.011513,           0.0025255,           0.0025255,           0.0025255
                 153,            0.015553,           0.0052873,           0.0026407,             0.89269,              0.9305,             0.93751,              0.7354,            0.013791,           0.0033897,            0.012174,            0.002476,            0.002476,            0.002476
                 154,            0.015582,           0.0051221,              0.0023,             0.91624,             0.90856,             0.93851,             0.73427,            0.013961,           0.0034209,            0.011566,           0.0024265,           0.0024265,           0.0024265
                 155,            0.015541,           0.0049481,           0.0022657,             0.91006,              0.9113,             0.93624,             0.73033,            0.013993,           0.0035164,            0.011602,            0.002377,            0.002377,            0.002377
                 156,             0.01486,           0.0050592,           0.0020862,             0.90876,             0.91556,              0.9353,             0.73507,            0.013984,           0.0034959,            0.011942,           0.0023275,           0.0023275,           0.0023275
                 157,            0.014947,           0.0048631,           0.0023823,             0.90958,             0.91223,             0.93663,             0.73299,            0.014097,           0.0034445,            0.012699,            0.002278,            0.002278,            0.002278
                 158,            0.015049,           0.0049736,           0.0023045,             0.90021,             0.92125,             0.94281,             0.73822,            0.013839,           0.0034766,            0.011476,           0.0022285,           0.0022285,           0.0022285
                 159,            0.014685,           0.0050325,           0.0022317,             0.91434,             0.91124,             0.94227,             0.73994,            0.013871,           0.0034723,            0.010723,            0.002179,            0.002179,            0.002179
                 160,            0.015391,           0.0049895,           0.0025758,             0.90257,             0.93086,             0.94027,             0.73576,            0.013898,           0.0034847,            0.011457,           0.0021295,           0.0021295,           0.0021295
                 161,            0.015046,           0.0048855,           0.0025714,             0.89057,             0.93637,             0.93983,             0.73644,            0.013839,           0.0034919,            0.011262,             0.00208,             0.00208,             0.00208
                 162,            0.015027,           0.0049203,           0.0024631,             0.91169,             0.93281,             0.94795,             0.73934,            0.013643,           0.0034265,            0.010636,           0.0020305,           0.0020305,           0.0020305
                 163,            0.014621,           0.0048905,           0.0019087,             0.89792,             0.93959,             0.94455,             0.73415,            0.013987,           0.0034025,            0.011322,            0.001981,            0.001981,            0.001981
                 164,            0.014556,           0.0048253,           0.0018854,             0.91597,             0.93129,             0.94616,             0.73879,            0.013877,           0.0033993,            0.011172,           0.0019315,           0.0019315,           0.0019315
                 165,            0.014571,           0.0049851,           0.0016714,             0.89504,             0.92832,             0.94403,             0.73649,            0.013874,           0.0034636,            0.012417,            0.001882,            0.001882,            0.001882
                 166,             0.01468,           0.0048604,           0.0015884,             0.89054,             0.94418,             0.94107,             0.73371,            0.014077,           0.0035327,             0.01199,           0.0018325,           0.0018325,           0.0018325
                 167,            0.014596,           0.0048381,           0.0021977,             0.90352,             0.92911,             0.93836,             0.73502,            0.014062,           0.0034618,            0.012287,            0.001783,            0.001783,            0.001783
                 168,            0.014476,           0.0048095,           0.0015446,             0.92019,             0.92693,              0.9447,             0.73066,            0.014102,           0.0034698,            0.011563,           0.0017335,           0.0017335,           0.0017335
                 169,            0.014569,           0.0046841,           0.0016739,             0.91932,             0.92262,             0.94274,             0.73466,            0.014108,            0.003514,            0.011765,            0.001684,            0.001684,            0.001684
                 170,            0.014103,           0.0047365,           0.0014148,             0.89709,             0.94382,             0.94187,             0.73586,            0.014074,           0.0034927,            0.011884,           0.0016345,           0.0016345,           0.0016345
                 171,            0.014208,           0.0049441,           0.0013131,             0.88322,             0.94667,             0.94353,             0.73585,            0.013991,           0.0035052,            0.011694,            0.001585,            0.001585,            0.001585
                 172,            0.014019,           0.0046014,           0.0017489,              0.8997,             0.93106,              0.9414,             0.73289,            0.013973,           0.0035188,            0.012732,           0.0015355,           0.0015355,           0.0015355
                 173,            0.014236,           0.0048434,           0.0017249,             0.91423,             0.91124,             0.93238,              0.7267,            0.014101,           0.0034881,            0.013391,            0.001486,            0.001486,            0.001486
                 174,            0.013994,           0.0047409,           0.0016723,             0.89082,             0.92891,             0.94122,             0.73151,            0.014293,           0.0034855,            0.012393,           0.0014365,           0.0014365,           0.0014365
                 175,            0.013837,           0.0048159,           0.0017184,             0.91021,             0.91439,             0.93889,             0.73496,            0.014214,           0.0034628,             0.01225,            0.001387,            0.001387,            0.001387
                 176,            0.013766,           0.0047919,           0.0022324,             0.90564,             0.92906,             0.93905,             0.73319,            0.014258,            0.003524,            0.011855,           0.0013375,           0.0013375,           0.0013375
                 177,            0.014134,            0.004821,            0.001918,             0.91043,             0.93996,             0.94805,             0.74435,            0.014271,           0.0035125,            0.011413,            0.001288,            0.001288,            0.001288
                 178,            0.013703,           0.0047559,           0.0016843,             0.92519,              0.9276,              0.9467,              0.7412,            0.014366,           0.0035866,            0.012002,           0.0012385,           0.0012385,           0.0012385
                 179,            0.013423,           0.0047584,           0.0014561,             0.90868,             0.93556,             0.95063,             0.74236,             0.01432,           0.0035596,            0.011211,            0.001189,            0.001189,            0.001189
                 180,            0.013658,           0.0046727,            0.001259,             0.90852,             0.92961,              0.9496,             0.73675,             0.01419,           0.0035612,            0.011457,           0.0011395,           0.0011395,           0.0011395
                 181,            0.013869,           0.0046097,           0.0013071,             0.90591,             0.93273,             0.94052,              0.7327,            0.014233,           0.0035665,            0.012483,             0.00109,             0.00109,             0.00109
                 182,            0.013579,            0.004506,           0.0013018,             0.90594,             0.94021,              0.9477,             0.74134,            0.014118,           0.0035871,            0.011502,           0.0010405,           0.0010405,           0.0010405
                 183,            0.013505,           0.0046759,           0.0015767,              0.9254,             0.92327,              0.9482,             0.73602,            0.014208,           0.0035529,            0.011714,            0.000991,            0.000991,            0.000991
                 184,             0.01342,           0.0045024,           0.0013101,             0.91957,             0.92216,             0.94336,             0.73282,            0.014168,           0.0035604,            0.012328,           0.0009415,           0.0009415,           0.0009415
                 185,            0.013538,           0.0045664,           0.0014149,             0.92122,             0.92318,             0.94758,             0.73712,             0.01418,           0.0035718,            0.012298,            0.000892,            0.000892,            0.000892
                 186,            0.013299,           0.0047419,           0.0018007,             0.91466,             0.92954,             0.94737,             0.73687,            0.014318,           0.0035786,            0.012074,           0.0008425,           0.0008425,           0.0008425
                 187,            0.013149,           0.0045672,           0.0014273,             0.92296,             0.92344,             0.94264,             0.73016,            0.014446,           0.0036201,            0.012385,            0.000793,            0.000793,            0.000793
                 188,            0.013269,            0.004527,            0.001342,             0.91937,             0.93149,             0.94557,             0.74205,            0.014202,           0.0036521,            0.012044,           0.0007435,           0.0007435,           0.0007435
                 189,            0.013092,           0.0045515,           0.0014704,             0.91472,             0.93041,             0.94652,             0.73636,            0.014392,           0.0036244,            0.012501,            0.000694,            0.000694,            0.000694
                 190,            0.013246,           0.0045164,           0.0013258,              0.9071,             0.93127,             0.94253,             0.73326,            0.014388,           0.0036146,              0.0127,           0.0006445,           0.0006445,           0.0006445
                 191,            0.012979,           0.0045695,           0.0013016,             0.91916,             0.93463,             0.94669,             0.73385,            0.014387,           0.0035786,            0.012456,            0.000595,            0.000595,            0.000595
                 192,            0.013005,           0.0045765,           0.0012506,             0.91522,             0.93846,             0.94687,             0.73709,            0.014258,           0.0036151,            0.012377,           0.0005455,           0.0005455,           0.0005455
                 193,            0.012773,           0.0046593,          0.00094024,             0.92062,             0.93015,             0.94663,             0.73708,             0.01428,           0.0035909,            0.012687,            0.000496,            0.000496,            0.000496
                 194,            0.012796,           0.0045532,          0.00098706,             0.91808,             0.93211,             0.94318,             0.73394,            0.014347,           0.0035854,            0.012779,           0.0004465,           0.0004465,           0.0004465
                 195,            0.012699,           0.0045505,           0.0014606,             0.91781,             0.93724,             0.94747,               0.736,            0.014355,            0.003575,             0.01286,            0.000397,            0.000397,            0.000397
                 196,            0.012569,           0.0044046,          0.00092455,             0.92063,             0.94009,             0.94895,             0.73832,            0.014313,           0.0035975,            0.012713,           0.0003475,           0.0003475,           0.0003475
                 197,            0.012868,           0.0045513,           0.0010337,             0.92231,             0.93938,             0.95113,             0.74132,            0.014204,           0.0035854,            0.012524,            0.000298,            0.000298,            0.000298
                 198,            0.012946,           0.0044053,           0.0015793,             0.92918,             0.93452,             0.94697,             0.74131,            0.014183,           0.0035881,            0.012727,           0.0002485,           0.0002485,           0.0002485
                 199,            0.012519,           0.0045069,           0.0013149,             0.92371,             0.93154,             0.94483,             0.73745,            0.014266,           0.0036116,            0.012961,            0.000199,            0.000199,            0.000199
